GROUP,PACKAGE,CLASS,INSTRUCTION_MISSED,INSTRUCTION_COVERED,BRANCH_MISSED,BRANCH_COVERED,LINE_MISSED,LINE_COVERED,COMPLEXITY_MISSED,COMPLEXITY_COVERED,METHOD_MISSED,METHOD_COVERED
customer,com.sb.demo.customer.utils,AppContextUtil,21,11,3,1,8,4,5,2,3,2
customer,com.sb.demo.customer.utils,ErrorUtil.new Object() {...},40,0,0,0,1,0,1,0,1,0
customer,com.sb.demo.customer.utils,ErrorUtil,164,4,12,0,47,1,12,1,4,1
customer,com.sb.demo.customer.utils,MessageServiceProvider,49,0,0,0,13,0,7,0,7,0
customer,com.sb.demo.customer.utils,Constants,3,0,0,0,1,0,1,0,1,0
customer,com.sb.demo.customer.services.impl,CustomerServiceImpl,484,0,6,0,85,0,10,0,7,0
customer,com.sb.demo.customer.exceptions,AppException,86,64,11,7,28,25,17,9,8,9
customer,com.sb.demo.customer.controllers,CustomerController,0,33,0,0,0,8,0,6,0,6
customer,com.sb.demo.customer.controllers,HealthController,5,0,0,0,2,0,2,0,2,0
customer,com.sb.demo.customer.controllers,ErrorController,0,77,0,0,0,10,0,4,0,4
